,count,mean,std,min,25%,50%,75%,max
tariff.code,100000.0,7862537064.35311,1920215678.216718,101900000.0,8513100000.0,8703231119.0,8703242900.0,9710000000.0
quantity,100000.0,1453.12643,4528.045392554749,1.0,1.0,20.0,816.0,105816.0
gross.weight,100000.0,175215.44635,845674.6610294039,6.0,1854.0,25312.5,216235.5,79864224.0
fob.value,100000.0,78212.72782,300431.8594384479,536.0,2750.0,6794.0,66379.25,13725642.0
cif.value,100000.0,97802.08199,369860.41083377786,774.0,3647.0,8623.0,83666.5,15636331.0
total.taxes,100000.0,7157.33276,22251.740305112988,0.0,568.0,2746.0,4673.0,1695608.0
illicit,100000.0,0.07579,0.26466313752706994,0.0,0.0,0.0,0.0,1.0
revenue,100000.0,82.68332,325.2620030492529,0.0,0.0,0.0,0.0,6324.0
