{
    "0": {
        "precision": 0.9234002101365888,
        "recall": 0.9996750081247969,
        "f1-score": 0.9600249681396135,
        "support": 18462.0
    },
    "1": {
        "precision": 0.5384615384615384,
        "recall": 0.004551365409622887,
        "f1-score": 0.009026434558349452,
        "support": 1538.0
    },
    "accuracy": 0.92315,
    "macro avg": {
        "precision": 0.7309308742990637,
        "recall": 0.50211318676721,
        "f1-score": 0.4845257013489815,
        "support": 20000.0
    },
    "weighted avg": {
        "precision": 0.8937984262847775,
        "recall": 0.92315,
        "f1-score": 0.8868931809072143,
        "support": 20000.0
    }
}