{
    "mean_squared_error": 22.59708315009897,
    "r2_score": -0.8554885626271396
}